Type,Air temperature,Process temperature,Rotational speed,Torque,Tool wear,Failure_Type
L,301.0,310.9,1523,44.3,93,0
M,297.3,308.4,1473,44.4,126,0
M,299.0,310.0,1320,63.1,171,0
M,304.3,313.3,1503,42.8,66,0
L,298.4,309.5,1313,55.1,163,0
M,302.4,310.1,1301,53.6,145,2
L,297.9,307.5,1516,40.1,206,0
L,298.2,307.8,1545,41.0,183,0
M,298.3,308.1,1665,35.0,125,0
M,303.5,312.3,1516,38.4,115,0
M,297.6,308.4,1332,49.1,250,0
L,297.4,308.1,1305,57.0,104,0
L,302.6,312.3,1463,38.9,86,0
L,303.0,311.3,1396,46.9,235,0
L,297.7,308.2,1303,55.2,182,0
H,302.3,310.2,1414,59.5,156,0
L,301.8,311.2,1781,31.0,236,0
L,303.0,312.3,1467,45.8,177,0
L,296.4,307.4,1376,54.3,103,0
M,300.2,311.8,1740,32.0,213,0
L,302.9,312.2,1528,48.4,191,0
H,304.2,313.5,1569,39.0,129,0
M,300.3,311.6,1291,60.0,122,0
M,300.5,309.7,1304,59.0,165,0
M,298.9,308.9,1683,30.7,73,0
M,300.6,310.2,1411,44.5,46,0
L,300.5,311.6,1512,44.3,121,0
H,298.4,308.2,1434,51.3,249,0
L,300.6,310.5,1456,50.4,66,0
L,300.3,309.6,1378,49.7,219,0
M,298.1,308.7,1273,60.1,94,0
H,301.9,310.3,1602,37.6,155,0
M,299.9,309.2,1526,45.5,172,0
H,303.6,312.5,1335,59.5,218,4
M,297.2,308.5,1527,44.8,51,0
M,301.5,310.4,2604,16.3,51,3
L,299.8,309.0,1563,33.4,142,0
L,298.1,307.7,1710,32.8,151,0
L,302.3,311.2,1588,40.6,143,0
L,299.9,309.2,1545,37.8,153,0
L,299.7,309.6,1285,54.1,212,0
L,298.8,309.9,1394,46.6,103,0
H,295.6,306.2,1573,39.9,115,0
L,301.3,310.7,1542,41.6,210,0
M,299.0,308.8,1377,50.0,232,0
L,300.5,311.4,1392,45.6,100,0
L,301.1,311.7,1755,30.2,43,0
L,297.6,309.5,1982,24.0,250,0
H,300.3,309.9,1610,35.6,173,0
L,298.0,308.3,1317,62.9,242,4
L,298.9,310.2,1355,53.3,245,0
L,298.7,308.4,1305,51.7,97,0
L,297.4,308.3,1337,50.2,46,0
L,299.4,310.8,1583,37.3,250,0
L,299.1,308.6,1214,61.6,200,0
L,297.5,308.5,1492,43.2,140,0
L,300.7,311.1,2361,19.4,196,0
L,302.4,310.1,1389,53.2,133,0
M,303.8,312.5,2302,19.0,189,0
M,301.1,311.1,1562,44.9,201,0
M,301.5,310.7,1478,40.6,100,0
M,297.3,308.4,1390,49.8,60,0
L,300.7,311.1,1633,34.6,192,0
L,299.1,310.2,1650,31.0,38,0
L,297.6,308.6,1479,46.3,170,0
L,300.5,312.0,1456,49.0,76,0
H,302.0,310.5,1814,28.2,158,0
M,301.2,309.9,1401,55.9,63,0
M,303.0,311.1,1296,60.1,160,2
L,303.0,311.2,1461,48.4,219,0
L,297.1,307.9,1454,42.5,213,0
L,300.3,311.5,1574,38.1,88,0
L,301.5,310.4,1239,57.3,66,0
M,298.0,308.1,1263,57.0,250,4
L,298.1,310.0,1500,43.9,68,0
L,297.7,308.9,1764,33.0,146,0
L,299.2,310.4,1433,48.2,73,0
M,302.7,312.0,1461,39.3,112,0
L,297.4,309.1,1416,56.5,191,0
M,303.8,312.7,1430,45.2,199,0
L,298.3,309.4,1324,56.1,50,0
L,303.1,311.2,1406,58.2,54,0
L,301.5,310.7,1355,50.7,250,0
M,298.6,310.1,1406,45.4,97,0
L,300.1,309.7,2131,22.6,207,0
L,298.6,309.7,1892,27.7,43,0
L,297.5,308.6,1405,45.0,119,0
M,301.7,310.8,1616,36.9,180,0
L,298.9,308.7,1307,55.1,221,4
L,302.0,309.9,1339,56.6,198,0
L,300.3,309.2,1629,40.3,237,0
M,300.7,311.8,1355,45.8,250,0
L,298.7,309.7,1858,22.3,63,0
L,301.5,310.5,1290,58.6,153,0
M,296.2,306.8,1477,48.7,166,0
H,297.4,308.3,1715,28.9,128,0
H,295.7,306.2,1421,53.3,193,0
M,298.9,310.1,1373,48.8,195,0
L,298.7,310.1,1575,39.2,89,0
L,300.8,310.2,1433,51.3,225,0
L,299.8,309.4,1507,38.7,151,0
L,302.4,311.9,1808,30.6,158,0
L,299.3,310.6,1404,52.8,134,0
L,302.4,311.4,1768,30.9,155,0
M,300.0,310.5,1715,29.5,162,0
M,300.3,311.7,1170,61.8,55,0
M,302.6,311.6,1188,71.8,242,4
L,297.8,308.4,1457,45.1,222,0
L,303.7,312.8,1406,58.7,84,0
L,301.8,310.7,1464,48.8,99,0
L,301.7,311.0,1417,47.2,189,0
M,299.4,309.1,1330,49.3,212,0
L,300.7,310.5,1324,55.3,239,4
M,302.2,310.9,1419,49.8,200,0
M,301.0,310.1,1636,32.3,250,0
L,298.3,308.1,1380,57.0,250,4
M,302.5,311.9,1291,64.1,165,0
M,303.4,312.2,1507,43.6,76,0
L,298.4,308.3,1375,46.6,235,0
M,298.7,308.4,1391,54.0,181,0
L,297.0,308.1,1389,50.2,168,0
L,298.7,310.2,1288,50.7,61,0
L,299.1,308.5,1604,37.8,125,0
M,300.8,310.9,1481,48.1,144,0
L,297.2,307.9,1269,79.4,217,4
L,298.7,309.9,1359,54.9,122,0
H,299.4,309.3,1391,56.3,41,0
L,300.4,309.5,1288,54.7,65,0
L,300.2,310.2,1357,50.8,234,0
H,301.4,310.3,1541,46.6,47,0
L,301.5,310.4,1374,60.7,35,0
M,302.5,311.0,1519,41.3,231,0
M,300.1,310.4,1431,40.8,109,0
L,300.6,310.8,1484,42.5,161,0
M,300.3,311.3,1482,47.2,131,0
M,299.8,310.8,1391,48.0,208,0
M,303.8,312.4,1546,37.8,237,0
M,298.2,308.5,2621,14.3,123,3
L,301.0,310.4,1550,37.2,131,0
L,298.1,308.5,1630,37.7,50,0
L,297.6,309.4,1901,25.5,150,0
L,297.5,308.1,1585,35.6,196,0
L,301.1,310.7,1271,55.3,133,0
M,301.6,310.4,1359,49.8,202,0
L,302.0,311.0,1583,39.9,60,0
L,295.6,306.2,1402,52.3,79,0
L,298.4,309.5,1394,53.5,142,0
M,302.2,311.2,1414,46.6,195,0
H,302.1,311.2,1559,44.4,192,0
M,295.8,306.3,1405,52.3,118,0
M,301.5,310.7,1696,37.1,103,0
M,298.1,307.7,1382,53.3,185,0
M,299.7,310.3,1598,40.0,41,0
M,303.4,312.6,2662,15.1,107,3
L,298.9,310.4,1733,30.8,72,0
L,300.0,311.4,1883,30.1,166,0
L,300.1,311.4,1384,52.3,128,0
L,300.2,309.4,1501,42.3,238,0
L,300.1,309.6,1729,32.4,85,0
L,297.9,309.1,1469,39.6,60,0
L,298.2,308.1,1552,41.6,99,0
M,302.6,310.5,1487,46.9,230,0
L,301.0,312.2,1561,40.7,116,0
L,302.4,311.0,2154,17.2,236,0
L,295.5,306.1,1445,44.8,79,0
M,300.2,310.4,1162,68.6,117,0
L,300.3,309.5,1518,42.9,89,0
H,302.6,312.0,1633,32.8,92,0
L,297.4,308.3,1588,37.7,77,0
L,303.2,311.4,1272,60.5,250,4
L,300.7,311.9,1350,56.0,250,4
M,299.3,308.5,1260,65.2,41,0
L,301.0,311.0,1401,60.4,72,0
L,301.0,310.9,1420,48.7,237,0
M,298.3,309.4,1786,26.2,180,0
L,301.3,310.3,1498,43.7,176,0
H,297.4,308.7,1288,55.6,170,0
H,301.5,310.7,1355,53.5,182,0
L,300.4,311.4,1281,62.8,109,0
H,301.5,310.9,1482,46.9,186,0
L,299.3,309.0,1408,50.7,191,0
L,299.0,310.2,1354,49.7,250,0
L,298.0,307.7,1578,37.3,231,0
M,298.9,310.0,1290,61.8,207,4
M,301.8,311.3,1509,45.6,180,0
M,300.7,310.6,1373,49.5,130,0
H,297.9,307.7,1580,42.7,136,0
L,299.7,309.2,1575,35.1,176,0
L,300.3,311.8,1381,51.3,215,0
M,297.6,308.6,1429,40.9,116,0
L,298.2,308.2,1344,51.7,189,0
M,300.7,310.6,1495,44.4,97,0
H,295.6,306.2,1285,59.6,177,0
L,300.2,311.5,1467,42.4,155,0
L,300.3,310.5,1438,42.1,250,0
L,302.0,310.9,1414,48.4,250,0
L,297.9,309.0,1535,43.7,73,0
M,297.2,307.9,1519,39.2,210,0
M,297.9,307.4,1342,56.8,40,0
M,301.1,310.6,1288,54.6,134,0
L,298.8,309.1,1433,47.7,201,0
L,299.7,309.3,1377,44.0,171,0
M,301.7,311.1,1436,47.1,157,0
L,300.3,310.4,1280,60.4,100,0
L,298.8,308.6,1448,41.7,84,0
M,301.0,312.2,1560,38.2,101,0
M,300.9,311.5,1800,26.4,56,0
M,300.6,309.8,1492,48.5,174,0
M,301.2,311.6,1385,55.8,243,4
L,301.3,310.7,1454,50.8,190,0
L,298.7,309.6,1378,59.1,239,4
L,296.7,307.9,1633,36.3,168,0
L,301.1,310.5,1360,48.9,151,0
L,298.9,309.6,1631,35.4,240,0
M,299.9,311.3,1314,56.3,92,0
L,297.5,308.9,1317,51.6,233,0
M,300.7,311.0,1498,47.7,155,0
M,299.4,309.0,1304,50.4,126,0
L,299.7,310.3,1480,43.0,40,0
M,299.6,309.1,1429,50.4,108,0
M,298.6,309.2,1272,50.9,103,0
H,304.1,313.2,1525,40.4,164,0
L,296.6,307.5,1405,50.1,244,0
L,299.3,308.6,1342,56.7,216,4
L,297.2,308.7,1392,55.8,182,0
L,300.4,311.9,1416,52.3,238,0
L,297.6,308.4,1299,64.1,129,0
H,300.8,311.2,1577,36.7,174,0
H,301.8,310.6,1404,52.5,134,0
L,299.0,309.1,1325,50.7,224,0
L,299.3,309.1,1433,51.8,89,0
H,300.5,311.6,1427,46.4,139,0
M,301.3,311.1,1790,29.9,62,0
L,301.7,310.6,1386,51.0,147,0
M,303.7,312.4,1512,38.2,206,0
L,298.9,310.1,1416,49.1,220,0
M,299.3,310.5,1431,43.1,48,0
L,302.5,312.0,1442,42.2,227,0
M,298.5,309.4,1300,52.1,91,0
L,302.0,310.7,1626,38.3,84,0
M,299.5,310.7,1371,48.9,135,0
L,302.1,310.1,1689,33.7,215,0
M,300.2,311.4,1520,40.0,182,0
M,302.9,311.0,1344,55.0,102,0
L,301.1,310.1,1392,53.6,65,0
M,301.7,310.6,1625,31.3,142,0
L,303.4,311.6,1450,48.2,94,0
L,298.2,308.2,1407,49.5,123,0
L,300.0,309.7,1529,43.6,157,0
L,301.0,309.7,1452,48.2,208,0
L,301.3,311.0,1489,41.6,234,0
L,295.8,306.4,1334,48.9,146,0
L,295.8,306.5,1446,41.2,143,0
L,300.7,310.9,1467,43.4,109,0
L,300.3,309.5,1414,41.0,63,0
L,302.0,311.1,1569,41.8,59,0
L,298.8,308.6,1575,39.5,88,0
L,297.4,308.4,1342,54.9,247,0
L,299.0,308.6,1611,37.2,142,0
L,302.1,311.2,1421,54.3,244,0
L,301.2,310.6,1317,56.2,138,0
L,300.9,311.0,1427,45.5,151,0
M,303.0,311.1,1551,42.8,205,0
M,299.6,309.3,1336,53.4,57,0
L,298.5,309.7,2581,14.7,140,3
L,300.1,309.2,1373,47.5,178,0
L,301.7,310.6,1426,42.2,131,0
M,302.6,312.1,1921,30.2,229,0
L,299.0,308.7,1500,47.5,238,0
L,300.7,312.3,1546,41.5,134,0
L,299.2,310.7,1482,48.4,69,0
M,301.8,309.5,1672,35.2,249,0
L,299.1,308.3,1477,41.6,177,0
H,298.1,307.6,1459,48.2,144,0
L,299.3,309.3,1465,43.1,77,0
L,300.7,311.7,1849,23.6,57,0
L,301.8,311.2,1381,58.9,198,0
M,302.2,311.0,1366,51.1,222,0
M,297.6,309.5,1641,37.1,106,0
L,300.8,310.6,1350,58.1,130,0
L,299.9,311.3,1320,56.3,208,4
L,300.0,309.3,1415,48.9,80,0
H,300.5,311.7,1417,55.2,228,4
M,300.6,310.9,1652,33.0,121,0
L,302.2,310.8,1322,53.9,111,0
L,297.3,308.2,1691,34.5,147,0
M,297.2,308.6,1377,46.5,199,0
L,298.0,308.7,1433,51.5,250,0
M,297.9,307.9,1291,58.3,124,0
L,298.9,310.6,1340,58.2,37,0
H,296.9,307.8,1508,44.8,142,0
M,298.7,309.4,1329,50.5,193,0
M,298.2,309.0,1342,53.1,132,0
L,301.1,309.7,1655,35.6,205,0
L,301.2,310.7,1607,38.4,141,0
M,298.5,308.0,1464,42.6,63,0
L,297.4,308.2,1387,53.9,99,0
M,300.8,310.6,1511,42.0,197,0
M,298.5,309.0,1846,25.8,243,0
L,300.0,309.6,1535,39.7,110,0
M,298.1,309.0,2009,22.8,162,0
H,299.1,308.8,1499,54.5,228,0
L,302.2,311.1,1415,44.5,143,0
L,301.4,311.1,1459,40.2,238,0
L,301.1,310.2,1604,36.8,92,0
L,298.8,308.9,1426,50.2,247,0
L,298.3,308.4,1461,39.9,210,0
L,302.0,310.4,1829,28.6,196,0
L,303.8,313.1,1364,48.2,196,0
L,298.3,307.7,1410,52.0,147,0
M,302.7,310.6,1273,57.5,44,2
M,302.4,310.1,1308,58.9,110,2
H,297.9,308.7,1513,41.1,167,0
L,299.6,310.9,1415,48.3,184,0
M,299.5,308.9,1367,49.2,124,0
M,297.3,308.4,1564,37.5,98,0
M,302.1,311.3,1408,48.8,219,0
M,303.8,313.2,1654,28.3,228,0
L,302.3,311.1,1324,56.9,224,4
L,300.2,309.5,2148,22.5,78,0
L,299.1,310.2,1531,36.9,61,0
M,298.7,308.4,1356,48.0,177,0
L,297.7,307.2,1615,37.8,64,0
L,299.6,310.1,1517,42.7,140,0
L,302.9,312.4,2003,23.1,224,0
L,299.0,308.6,1533,43.9,154,0
L,303.9,312.7,1272,68.0,205,4
M,302.4,311.4,1451,44.6,106,0
L,298.4,308.0,1465,49.9,170,0
L,302.2,310.0,1442,53.6,65,0
L,300.7,310.1,1342,55.8,115,0
L,299.4,310.4,1446,46.7,208,0
L,299.7,309.1,1649,38.8,182,0
L,302.6,310.3,1452,46.8,140,0
L,297.8,309.9,1277,54.4,229,0
M,300.0,309.0,1309,49.9,120,0
L,297.9,307.7,1496,40.2,107,0
L,303.5,311.6,1435,52.0,97,0
M,299.1,310.0,1407,46.3,235,0
M,300.7,310.6,1426,42.0,68,0
L,302.6,312.1,1286,55.7,239,4
M,300.6,310.0,1401,41.1,137,0
L,301.8,310.0,1971,21.2,245,0
M,300.8,309.4,1296,66.6,149,2
H,301.5,310.8,1439,43.8,94,0
L,303.0,311.3,1297,61.4,188,2
M,301.0,310.7,1461,41.1,144,0
M,301.0,311.1,1346,54.3,196,0
L,301.8,309.6,1386,47.4,172,0
L,300.2,309.3,1292,55.8,97,0
L,299.3,310.5,1758,31.6,144,0
H,300.9,312.0,2081,21.8,225,0
L,299.6,309.1,1434,53.0,213,0
L,300.1,309.3,1640,30.3,242,0
L,302.4,310.3,1867,29.7,212,0
M,297.2,308.4,1327,48.4,129,0
M,297.2,308.5,1563,44.7,198,0
M,298.9,309.3,1533,37.8,103,0
L,298.0,307.3,1373,51.1,228,0
L,300.9,311.0,1985,25.6,171,0
L,301.7,310.1,2638,18.0,54,0
M,297.3,308.3,1466,43.0,54,0
L,296.9,308.0,1680,35.5,52,0
L,300.6,311.7,1403,58.8,250,4
L,300.3,310.2,1469,54.7,48,0
L,297.8,307.3,1408,51.5,40,0
M,300.1,309.5,1423,45.3,92,0
M,300.8,310.5,1330,57.1,181,0
L,302.3,310.8,1379,48.1,143,0
M,297.3,308.0,1545,32.8,182,0
L,296.4,307.2,1692,29.7,184,0
L,302.8,311.1,1498,35.6,120,0
M,300.7,311.7,1483,44.7,52,0
L,297.2,308.1,1442,48.8,200,0
M,298.0,308.2,1323,55.3,250,4
L,302.4,310.1,1324,55.8,211,4
M,299.8,310.5,1350,61.0,157,0
L,297.6,309.2,1576,37.3,196,0
L,300.8,310.7,1293,63.8,250,4
H,298.4,308.2,1576,35.1,44,0
M,301.8,310.9,1288,48.4,175,0
L,299.5,309.3,1370,51.1,81,0
H,300.6,311.7,1418,44.1,40,0
L,302.3,311.0,1523,35.8,207,0
L,301.7,310.6,1492,46.2,102,0
L,298.9,310.2,1433,55.2,201,4
H,300.4,309.3,1329,56.6,97,0
L,296.6,307.5,1540,41.7,250,0
M,302.9,312.5,1886,29.6,65,0
L,300.2,309.4,1475,39.6,81,0
M,297.2,308.2,1342,47.5,237,0
L,301.1,310.8,1418,55.1,160,0
L,298.8,309.7,1479,44.0,160,0
L,303.8,313.1,1218,63.0,250,4
M,298.0,308.6,1458,42.1,250,0
L,299.9,311.4,1657,33.7,147,0
M,298.2,308.8,1527,36.3,65,0
M,297.3,308.5,1495,53.9,227,0
L,303.2,311.5,1486,49.9,250,0
M,302.2,310.9,1699,33.4,104,0
H,303.1,311.3,1410,47.3,248,0
L,304.1,313.0,1364,51.3,63,0
L,302.3,310.9,1539,38.0,144,0
L,298.2,307.9,1726,30.2,221,0
M,302.5,312.0,1398,48.8,225,0
L,297.7,309.0,1489,48.0,75,0
L,299.9,309.3,1416,46.1,90,0
L,302.2,311.5,1412,47.8,78,0
L,300.5,309.3,1468,40.3,250,0
L,302.3,311.5,1396,52.8,72,0
L,296.8,307.5,1427,47.6,153,0
L,300.6,310.9,1390,45.5,117,0
M,301.9,310.8,1517,43.6,93,0
L,298.3,308.0,1534,43.8,151,0
M,297.2,308.8,1405,53.7,186,0
M,300.1,309.2,1649,30.0,129,0
M,300.9,310.0,1558,40.2,250,0
L,298.3,307.9,1454,45.8,144,0
L,300.8,312.0,1319,53.4,226,0
M,302.4,311.9,1369,51.1,235,0
L,301.1,310.0,1482,42.3,73,0
L,298.8,309.8,1419,41.4,195,0
H,297.5,308.5,1630,34.1,196,0
L,300.3,309.9,1469,39.8,48,0
M,300.4,309.7,1629,37.7,212,0
L,298.1,307.8,1357,62.2,164,0
L,301.0,312.1,1652,34.3,232,0
L,299.3,308.8,1570,31.1,246,0
H,300.7,309.7,1569,37.3,48,0
H,297.6,309.6,1357,53.3,39,0
M,302.0,310.6,1506,48.9,215,0
L,302.5,311.2,1478,43.3,189,0
M,296.9,308.0,1584,39.0,105,0
L,296.7,308.1,1380,45.2,241,0
M,295.6,306.2,1377,56.4,178,0
L,299.0,310.2,1633,37.8,90,0
L,304.1,313.3,1386,42.6,123,0
M,299.0,310.6,1724,27.6,221,0
M,298.0,308.7,1333,59.1,130,0
M,298.0,308.1,1372,51.4,188,0
M,302.3,311.0,1515,40.6,113,0
L,300.7,310.2,1515,38.3,71,0
H,298.8,310.2,1403,49.3,130,0
L,297.4,309.4,1255,57.7,135,0
L,302.2,311.5,1430,50.1,117,0
H,299.3,310.4,1474,47.5,70,0
M,301.3,311.2,1378,46.8,50,0
L,303.6,313.0,1560,37.2,84,0
M,297.9,307.6,1561,35.3,100,0
H,297.3,308.7,1531,40.6,125,0
M,303.0,311.3,1291,58.5,203,2
L,301.4,310.4,1427,39.8,241,0
L,300.6,310.4,1451,54.2,150,0
L,301.5,310.6,1422,47.6,250,0
L,298.1,308.2,1606,36.1,61,0
M,299.8,309.7,1514,41.8,158,0
L,300.1,309.7,1475,45.0,73,0
M,296.8,307.5,1362,41.0,45,0
L,299.3,308.9,1557,40.8,188,0
L,297.7,308.2,1456,46.5,188,0
L,301.5,309.8,1499,43.8,137,0
M,300.2,309.5,1426,51.8,63,0
L,302.4,310.2,1567,33.7,122,0
M,301.9,311.1,1527,45.8,221,0
L,298.2,309.1,1487,42.5,173,0
L,297.2,308.4,1612,32.2,184,0
M,297.4,308.3,1497,52.9,63,0
L,298.5,309.4,1388,49.8,194,0
M,297.8,307.3,1760,30.8,250,0
H,300.3,311.8,2089,23.2,239,0
L,297.5,308.6,1470,46.4,70,0
L,301.3,311.1,1256,55.1,234,4
M,299.8,309.3,1591,31.7,239,0
L,299.8,310.9,1496,46.7,217,0
L,296.4,307.5,1498,41.4,111,0
L,297.5,308.8,1468,50.9,188,0
M,300.6,310.3,1575,37.1,45,0
M,300.9,310.9,1605,42.0,195,0
L,297.2,307.9,1924,26.7,250,0
L,301.7,310.5,2447,17.5,198,0
M,302.3,311.7,1473,34.5,188,0
M,296.0,306.6,1321,54.8,156,0
M,298.8,309.2,1407,51.5,125,0
H,297.5,308.8,1813,28.1,221,0
M,302.5,311.0,1418,49.4,215,0
L,301.7,310.2,1437,49.4,95,0
L,298.5,309.5,1513,50.3,167,0
M,301.0,310.6,1656,33.4,45,0
L,302.9,312.5,1477,51.3,125,0
L,301.0,312.3,1428,46.6,154,0
L,297.2,308.5,1435,47.3,81,0
L,299.1,308.3,1507,48.6,100,0
L,300.2,310.4,1763,31.9,76,0
L,300.8,311.2,1387,52.4,207,0
H,300.8,310.8,1561,38.9,92,0
L,297.4,308.7,1596,37.4,175,0
L,298.2,307.9,1486,38.0,224,0
L,297.0,307.6,1601,40.8,58,0
L,303.6,312.4,1719,32.4,157,0
L,298.2,307.8,1466,51.5,103,0
L,298.8,309.9,1273,51.3,250,0
L,298.2,307.8,1476,46.9,115,0
H,297.3,308.7,1370,51.0,45,0
M,297.5,308.0,1992,20.5,173,0
L,297.8,307.5,1530,37.6,151,0
L,300.7,311.0,1267,50.4,164,0
L,297.9,309.8,1294,76.9,66,3
M,302.2,310.6,1317,54.2,167,2
L,297.9,307.5,1547,42.1,61,0
L,302.5,310.9,1281,62.9,130,2
M,302.5,310.4,1523,39.1,223,0
L,301.7,311.2,1376,40.6,206,0
M,300.7,310.6,1371,45.6,222,0
L,300.8,309.7,1444,41.9,186,0
M,300.9,311.9,1404,44.5,63,0
L,299.3,308.8,1526,52.0,216,0
M,300.3,309.9,1390,51.2,72,0
H,300.4,309.9,2506,17.4,113,3
L,300.3,311.8,1380,47.9,94,0
L,298.8,309.6,1847,28.3,191,0
M,304.0,313.5,1663,29.3,153,0
L,295.5,306.0,1783,32.7,250,0
M,302.2,311.5,1676,30.4,151,0
H,300.9,311.0,1840,30.6,167,0
M,303.3,311.8,1500,43.6,239,0
M,296.4,307.4,1342,50.5,236,0
M,303.8,312.7,1466,43.8,207,0
M,302.4,311.9,1366,57.8,228,4
L,298.0,309.2,1684,35.6,80,0
L,300.0,309.0,1373,57.0,35,0
L,297.5,308.3,1414,46.6,74,0
M,299.2,308.9,1487,48.5,242,0
M,300.6,309.8,1375,46.4,51,0
M,299.6,309.4,1564,36.0,110,0
M,301.5,310.5,1455,44.0,235,0
L,296.0,306.7,1886,27.6,167,0
L,300.5,311.5,1406,52.1,111,0
M,298.1,308.5,1308,60.1,54,0
H,295.5,305.9,1533,41.4,245,0
H,302.3,311.7,1418,50.4,165,0
M,299.6,310.6,1584,36.5,198,0
M,298.0,307.5,1383,56.9,123,0
M,302.3,311.6,1613,37.6,96,0
L,302.2,311.2,1379,46.0,118,0
M,296.9,307.7,1945,22.7,23,0
L,302.1,310.7,1457,46.6,132,0
L,301.7,310.7,1692,32.6,48,0
L,300.2,309.8,1298,64.4,64,0
M,300.6,309.5,1497,38.8,127,0
L,300.5,311.9,1504,35.6,184,0
L,298.6,309.3,1504,42.8,216,0
L,301.4,310.5,1331,54.6,170,0
L,303.7,312.4,1274,63.0,186,0
M,298.2,309.4,1667,38.4,115,0
L,300.5,309.6,1335,52.9,237,0
M,302.0,310.9,1264,58.5,96,0
L,296.6,307.5,1463,46.5,240,0
L,298.8,310.0,1373,46.4,191,0
L,296.1,307.1,1838,29.0,63,0
H,303.5,311.7,1532,38.1,180,0
L,300.2,311.4,1283,55.1,185,0
L,299.0,310.3,1546,46.3,238,0
L,301.9,309.7,1371,47.6,187,0
L,297.4,308.4,1302,57.8,86,0
L,300.7,312.3,1531,42.7,108,0
M,297.2,307.9,1388,50.3,122,0
L,299.0,308.6,1233,58.3,134,0
H,297.7,308.9,1428,42.2,119,0
L,301.6,310.6,1402,48.7,25,0
M,297.7,309.1,1666,35.2,204,0
M,298.6,309.4,1721,33.9,194,0
M,302.0,310.4,1544,39.5,150,0
L,298.4,309.5,1474,45.0,149,0
L,298.4,310.1,1463,40.3,130,0
H,300.1,311.5,1328,54.4,80,0
L,303.8,312.6,1740,32.2,192,0
L,298.8,309.6,1411,54.5,146,0
L,299.9,310.4,1354,44.3,190,0
M,301.6,311.0,1393,49.1,157,0
L,297.8,308.8,1581,40.9,117,0
L,298.2,308.8,1502,39.1,75,0
L,297.4,308.5,1748,30.9,91,0
L,301.5,311.1,1973,22.7,150,0
L,303.8,313.2,1266,50.6,234,0
M,302.5,311.9,1445,36.4,127,0
L,299.1,308.2,1287,64.5,78,0
M,302.8,312.2,1564,36.1,195,0
L,299.1,308.3,1458,42.3,65,0
M,303.7,312.4,1434,43.6,186,0
M,299.3,309.1,1564,39.6,85,0
H,297.7,307.3,1180,70.0,88,0
L,299.3,308.6,1476,39.2,112,0
M,298.0,307.6,1235,64.0,199,0
L,300.1,311.4,1601,37.3,81,0
L,299.8,311.1,1503,41.3,231,0
L,303.9,312.7,1761,31.0,199,0
H,299.3,309.0,1439,39.9,108,0
M,296.2,307.3,1384,48.8,43,0
L,304.0,313.0,2319,18.4,153,0
L,300.0,311.2,1439,40.6,101,0
M,301.9,311.1,1362,58.7,217,4
L,298.6,310.1,1674,32.8,38,0
L,303.9,313.0,1513,40.4,187,0
L,302.2,311.2,1342,53.1,250,0
L,299.5,309.4,1309,65.5,238,4
L,297.5,308.4,1334,59.2,128,0
L,302.3,310.9,1483,44.2,52,0
M,303.7,312.3,1718,30.0,220,0
L,301.4,310.7,1449,50.6,114,0
M,300.1,309.6,1556,40.6,95,0
L,299.0,308.5,1856,28.9,243,0
H,297.7,308.8,1360,54.5,137,0
M,297.8,307.6,1301,54.2,144,0
L,301.8,310.8,1404,51.7,66,0
L,300.7,309.3,1533,41.8,162,0
L,298.7,308.4,1638,34.8,236,0
L,302.4,311.8,1195,63.2,179,0
L,302.2,310.6,1401,48.3,46,0
M,302.0,310.5,1788,28.6,131,0
L,303.5,312.9,1229,65.6,155,0
L,297.3,308.5,1282,62.3,220,4
M,298.7,310.1,1581,42.7,90,0
L,298.1,307.7,1260,54.5,97,0
L,298.5,308.3,1449,43.0,71,0
M,298.6,309.5,1406,50.0,91,0
M,300.5,310.5,1418,47.9,50,0
L,300.8,311.7,1348,51.3,48,0
M,299.7,310.9,1649,35.3,127,0
M,296.9,308.1,1403,53.0,104,0
M,304.0,313.0,1514,40.6,141,0
L,298.8,309.9,1712,36.7,109,0
H,300.3,309.5,1397,49.7,111,0
M,301.5,310.6,1579,36.9,176,0
L,297.5,309.0,1280,60.7,216,4
L,301.5,310.7,1572,41.4,250,0
L,303.7,312.7,1274,55.6,188,0
M,302.2,310.6,1299,55.6,173,2
L,299.5,309.1,1361,54.4,49,0
L,302.6,312.3,1276,60.7,72,0
L,302.6,311.6,1397,40.1,165,0
M,297.8,307.8,1262,60.7,107,0
L,302.7,312.1,1706,31.7,237,0
H,302.1,310.1,1801,29.7,209,0
L,303.9,313.3,1479,46.0,192,0
M,298.5,309.2,1686,34.8,208,0
L,302.9,312.4,1512,39.5,188,0
L,303.7,313.0,1715,36.2,60,0
L,299.3,310.6,1447,47.7,147,0
M,302.0,310.4,1513,40.2,152,0
H,301.9,311.0,1818,30.8,178,0
L,296.8,307.8,1418,41.9,177,0
L,300.1,311.4,1866,27.7,202,0
M,296.2,307.2,1496,42.3,46,0
L,300.9,310.4,1730,32.8,121,0
L,302.5,310.3,1494,42.6,229,0
L,301.7,310.8,1455,50.7,185,0
L,298.9,308.3,1524,40.7,47,0
L,300.2,309.2,1376,55.7,97,0
L,296.9,307.8,1416,50.2,195,0
M,299.6,310.8,1408,57.3,137,0
M,303.1,311.4,1779,29.1,196,0
L,299.3,310.8,1400,46.8,51,0
L,302.0,310.8,1402,48.1,250,0
L,304.1,313.6,1517,43.1,165,0
L,300.6,310.9,1377,49.3,135,0
L,302.4,311.0,1518,43.9,234,0
L,295.8,306.4,1331,51.1,122,0
L,301.4,310.8,1331,57.0,56,0
L,298.6,309.5,1669,33.3,60,0
L,295.9,306.6,1619,31.3,102,0
M,303.8,312.5,1318,50.8,193,0
L,298.6,310.1,1384,56.4,40,0
L,300.3,311.6,1450,49.8,106,0
M,301.9,310.9,1510,43.4,246,0
M,299.7,309.3,1366,47.1,250,1
L,300.1,309.2,1365,41.3,107,0
L,301.2,312.4,1431,61.6,128,0
M,298.8,310.6,1589,36.4,63,0
L,303.4,312.7,1483,40.8,145,0
M,296.7,307.8,1624,40.4,163,0
L,298.4,308.7,1455,41.1,172,0
H,303.0,312.5,1649,34.7,120,0
H,301.6,310.6,1367,54.0,247,0
M,296.3,307.3,1324,54.2,54,0
H,297.8,309.2,1595,40.1,59,0
L,297.4,308.6,1456,44.8,119,0
M,299.6,309.4,1224,69.4,121,0
M,298.0,308.2,2053,21.9,180,0
L,303.9,313.0,1672,33.0,120,0
L,301.8,310.7,1407,48.6,93,0
L,299.7,309.4,1376,48.8,92,0
L,300.0,311.3,1472,41.8,92,0
L,299.9,309.4,1800,28.2,53,0
H,300.4,309.7,1437,43.2,157,0
L,300.9,311.3,1545,35.7,215,0
L,297.2,308.5,1508,41.1,133,0
L,300.4,309.9,1313,47.5,117,0
M,298.7,309.8,1525,47.7,230,0
M,298.6,309.2,1701,35.0,84,0
M,303.8,312.9,1760,31.8,105,0
M,300.6,309.4,1303,68.9,81,3
L,298.1,307.7,1603,41.8,186,0
L,301.1,310.8,1455,45.7,133,0
L,303.9,313.1,1514,38.0,137,0
L,303.9,313.2,1309,51.3,105,0
L,299.0,310.4,1487,43.4,165,0
L,299.6,309.0,1424,54.5,102,0
L,297.7,308.9,1607,35.3,73,0
L,299.0,308.9,1573,36.1,37,0
L,298.9,309.8,1326,53.5,67,0
L,298.1,309.4,1341,53.2,105,0
H,299.8,310.9,1376,50.3,207,0
M,297.9,308.1,1599,37.3,245,0
H,303.6,312.2,1341,60.9,155,2
L,302.8,312.2,1692,31.7,84,0
L,296.8,307.9,1593,39.7,121,0
L,297.5,309.4,1585,40.0,183,0
M,300.7,309.5,1685,31.0,149,0
L,299.0,308.9,1412,40.8,53,0
L,299.4,309.1,1872,30.2,95,0
M,299.3,308.5,1375,47.7,228,0
M,303.4,311.8,1467,47.1,230,0
M,300.9,309.9,1400,46.9,238,0
M,299.2,308.5,1450,43.4,181,0
M,300.2,310.4,1505,40.4,121,0
L,299.7,309.3,1422,46.6,39,0
L,301.8,310.7,2051,25.6,91,0
M,298.3,307.8,1333,57.5,144,0
L,298.4,309.4,1328,54.1,237,0
M,301.3,311.5,1582,34.6,34,0
L,298.4,308.9,1464,44.4,236,0
L,301.0,310.5,1302,54.9,107,0
M,297.0,308.1,1292,57.6,119,0
M,302.5,311.9,1494,40.8,122,0
L,300.4,311.2,1685,35.0,68,0
L,297.4,308.6,1424,45.5,151,0
L,298.0,307.6,1219,56.9,164,0
L,298.4,308.5,1693,37.8,160,0
M,301.0,312.0,1515,41.1,243,0
L,300.4,310.6,1381,51.3,67,0
L,298.2,309.7,1541,43.4,143,0
L,299.1,308.8,1290,72.7,50,3
L,302.0,310.4,1318,63.9,143,2
L,300.2,309.8,1343,57.3,203,4
H,301.7,310.1,1407,41.0,93,0
L,295.5,306.0,1568,36.9,210,0
L,298.5,309.5,1703,30.4,90,0
L,298.7,309.8,1542,35.5,250,0
M,298.7,310.1,1385,72.7,99,3
L,300.8,311.7,1700,33.7,37,0
H,300.8,309.9,1970,25.6,227,0
L,298.8,309.6,1495,46.7,194,0
L,300.1,311.4,1688,36.6,103,0
L,300.2,311.6,1320,59.7,203,4
L,297.3,309.0,1479,42.4,203,0
L,297.5,308.5,1403,45.0,93,0
L,297.9,307.6,1928,25.9,215,0
L,302.7,310.5,1622,37.1,236,0
L,299.3,309.1,1479,42.3,160,0
L,299.1,310.5,1655,28.0,120,0
H,297.6,308.6,1426,45.1,54,0
L,299.0,308.7,1376,44.3,57,0
L,302.3,311.5,1329,56.4,73,0
L,297.5,308.9,1531,37.3,194,0
L,300.7,311.7,1357,47.1,250,0
M,299.7,311.1,1556,36.3,159,0
L,300.6,310.2,1466,51.4,109,0
M,300.4,309.7,1317,53.5,197,0
L,301.2,310.6,1354,50.8,99,0
M,299.1,308.2,1365,49.4,99,0
M,299.8,309.2,1618,34.7,248,0
L,298.3,308.6,1506,45.8,176,0
M,302.3,311.0,1461,42.0,216,0
M,300.6,309.5,1487,44.2,141,0
L,302.0,309.7,1513,39.9,250,0
L,300.6,310.9,1433,51.0,102,0
L,298.0,307.7,1583,34.2,51,0
L,298.0,308.5,1656,31.3,162,0
L,298.7,310.1,1535,40.9,83,0
M,297.9,308.5,1268,59.0,217,4
L,304.1,313.6,1363,52.4,175,0
L,299.0,310.1,1837,23.6,42,0
L,302.3,311.0,1513,41.2,223,0
M,298.0,307.4,1418,53.3,227,0
L,302.4,311.3,1358,54.0,95,0
L,302.3,311.7,1249,53.1,49,0
L,301.4,311.1,1405,42.8,88,0
M,303.6,312.7,1723,33.7,159,0
L,298.4,309.2,1528,40.0,151,0
L,303.5,311.7,1583,35.1,168,0
L,301.3,310.6,1468,43.4,209,0
M,298.1,308.9,1389,57.9,157,0
M,300.1,310.1,1442,45.8,237,0
L,300.0,309.6,1694,33.8,81,0
M,302.5,310.4,1526,39.4,207,0
L,300.8,311.3,1478,47.3,119,0
M,303.9,313.0,1425,46.8,51,0
L,299.6,311.0,1509,41.9,107,0
H,299.0,310.2,1589,45.1,108,0
M,299.4,309.2,1417,50.4,175,0
L,298.7,309.9,1337,57.4,92,0
L,300.8,310.5,1447,45.6,83,0
L,296.0,306.6,1482,38.7,160,0
L,301.6,310.6,1392,48.3,165,0
L,298.3,308.9,1676,33.4,79,0
L,299.6,310.9,1801,34.3,204,0
L,300.3,311.5,1515,48.6,65,0
L,297.1,307.9,1398,55.9,202,4
L,298.9,310.2,1511,47.2,229,0
L,301.8,311.3,1451,50.0,181,0
L,297.4,308.3,1371,49.3,152,0
M,303.5,311.6,1511,38.5,170,0
L,299.6,309.0,1490,50.5,212,0
L,301.5,310.8,1294,63.8,55,0
L,298.4,309.1,1380,46.3,169,0
L,302.3,311.0,1391,49.7,180,0
L,297.4,308.4,1297,67.4,140,0
L,303.9,313.4,1419,54.8,221,0
L,298.4,308.0,1527,41.5,91,0
L,298.3,309.2,1514,41.8,186,0
L,300.6,311.9,1328,63.4,248,4
L,298.7,310.1,1754,33.4,165,0
H,299.5,309.1,1504,50.5,98,0
M,300.6,309.4,1398,45.1,115,0
L,303.0,312.7,1502,49.3,147,0
L,299.7,309.3,1364,59.6,183,0
L,300.9,309.7,1391,47.4,250,0
L,300.8,311.2,1424,42.4,145,0
M,301.9,311.0,1435,52.5,80,0
M,302.3,311.3,1568,39.1,175,0
M,301.8,311.0,1688,33.0,62,0
L,298.7,309.8,1265,61.6,173,0
M,297.9,307.8,1256,64.2,107,0
L,298.3,309.1,1353,52.5,167,0
L,298.5,309.4,1845,26.0,204,0
L,301.1,311.1,1541,47.9,244,0
L,297.4,308.2,1436,52.4,77,0
M,300.5,309.5,1647,33.4,99,0
L,300.8,311.2,1328,53.8,159,0
L,297.4,308.4,1517,39.5,243,0
H,300.5,309.5,1600,38.2,102,0
L,304.1,313.2,1367,53.5,195,0
L,300.7,311.0,1372,57.6,122,0
L,297.4,308.6,1407,53.8,131,0
L,303.5,311.9,1500,43.1,53,0
L,301.4,310.1,1908,23.6,249,0
L,300.6,309.6,1352,60.2,108,0
L,297.2,308.1,1600,35.6,60,0
M,300.1,309.3,1403,47.6,55,0
L,303.4,311.6,1406,47.7,168,0
L,303.5,312.7,1646,31.7,75,0
L,303.4,312.9,1360,60.7,145,0
M,304.0,313.0,1643,34.1,101,0
L,300.7,310.8,1697,33.7,134,0
M,299.7,311.2,1547,45.3,231,0
M,297.1,308.5,1588,39.2,229,0
M,297.4,308.5,1427,47.4,183,0
M,302.4,311.1,1839,26.8,241,0
H,296.7,307.4,1632,39.4,145,0
M,298.7,310.1,1447,53.0,98,0
L,299.1,308.5,1376,49.0,42,0
L,303.0,311.2,1335,54.0,231,0
L,297.4,308.3,1663,33.9,61,0
L,300.6,310.2,1340,50.0,125,0
M,298.2,309.0,1644,34.7,40,0
L,300.0,311.5,1702,32.4,120,0
L,298.1,309.0,1458,48.2,195,0
M,303.3,312.4,1466,43.1,111,0
M,298.9,309.6,1417,48.4,244,0
L,298.9,310.2,1334,58.1,196,0
M,301.3,311.1,1529,37.8,70,0
L,301.1,311.2,1845,25.0,75,0
L,297.7,308.7,1659,31.4,154,0
L,298.0,307.7,1335,56.0,238,4
L,300.9,310.7,1325,51.8,191,0
H,297.9,307.5,1852,30.0,200,0
M,301.4,310.6,1392,47.8,137,0
H,302.3,311.9,1306,56.9,196,0
M,301.7,310.6,1812,25.1,139,0
M,303.5,312.6,1351,56.0,112,0
L,300.5,309.8,1318,68.1,213,4
M,303.5,312.6,1595,33.0,54,0
M,298.0,307.5,1372,48.7,131,0
L,297.8,309.2,1319,52.8,63,0
L,298.3,309.7,1462,49.2,218,0
L,295.5,306.1,1536,40.1,184,0
L,301.4,310.4,1384,47.3,131,0
L,303.8,312.8,1385,45.4,182,0
L,304.0,313.3,1513,38.4,250,0
L,295.6,306.2,1564,37.5,180,0
M,302.4,311.0,1528,43.1,111,0
L,301.1,310.8,1211,57.9,213,4
L,303.0,312.3,1420,45.0,174,0
M,297.4,308.7,1739,25.8,184,0
L,299.8,309.7,1391,46.6,178,0
L,298.7,309.9,1572,47.4,191,0
L,301.4,310.7,1332,53.4,64,0
L,296.9,308.0,1456,38.1,125,0
M,301.6,310.2,1340,48.6,104,0
L,303.4,312.0,1460,41.2,248,1
M,298.9,308.2,1279,52.9,83,0
L,300.1,309.6,1509,38.7,69,0
L,298.6,308.9,1285,64.1,49,0
L,300.5,311.6,1480,46.6,213,0
H,302.1,310.9,1377,47.1,240,0
L,299.9,309.3,1435,49.3,149,0
M,297.6,308.5,1774,30.7,66,0
M,300.5,311.4,1267,54.5,106,0
H,299.5,309.2,1802,28.8,207,0
L,297.5,308.3,1406,46.5,250,0
L,301.0,310.9,1433,47.9,53,0
L,301.7,311.2,1482,42.9,172,0
L,298.7,310.2,1373,53.2,72,0
L,296.8,307.6,1285,47.7,181,0
L,297.9,309.1,1530,35.6,71,0
M,298.7,308.4,1470,52.2,234,0
L,302.7,312.2,1308,52.2,224,0
M,297.2,308.0,1716,36.9,232,0
L,303.1,311.2,1345,50.8,180,0
M,297.3,308.5,1652,33.3,180,0
M,302.9,312.5,1839,24.2,72,0
M,300.7,309.5,1584,37.9,122,0
L,299.6,310.2,1434,50.8,120,0
H,295.6,306.3,1456,40.5,94,0
L,303.5,312.8,1479,44.3,146,0
L,303.8,312.9,1547,37.3,42,0
L,300.4,309.7,1633,35.9,172,0
L,300.5,310.6,1403,52.2,216,0
H,297.5,309.3,1461,46.6,250,0
L,303.5,312.0,1704,32.5,144,0
L,300.6,309.5,1544,43.3,160,0
H,301.6,310.4,1316,51.2,211,0
L,298.5,309.5,1420,41.6,188,0
L,298.2,307.8,1350,53.1,205,0
H,296.6,307.4,1343,46.2,233,0
L,302.1,311.3,1416,48.9,232,0
L,301.7,311.0,1664,29.2,49,0
L,298.0,308.5,1646,31.5,249,0
L,297.4,308.5,1226,58.3,172,0
L,297.7,308.2,1977,23.6,216,0
L,303.6,311.8,1177,69.4,178,2
L,300.9,310.8,1670,36.7,61,0
H,303.4,312.2,1498,43.9,130,0
L,303.1,312.6,1480,39.5,189,0
H,302.3,311.7,1441,45.0,182,0
L,298.8,308.5,1432,41.2,42,0
M,300.6,310.7,1413,42.1,221,0
L,298.2,308.4,1433,43.1,241,0
M,298.3,307.7,1659,31.7,47,0
L,302.8,311.1,1400,39.9,131,0
L,298.9,310.1,1348,46.7,217,0
L,299.9,311.3,1616,31.1,69,0
L,301.0,311.0,1576,35.0,212,0
L,295.7,306.2,1427,51.1,144,0
L,300.7,312.4,1387,42.5,95,0
L,300.2,311.4,1424,50.4,190,0
L,299.8,310.8,1512,39.4,204,0
L,299.8,309.2,1450,51.6,250,0
L,300.6,309.6,1360,47.8,102,0
M,297.7,307.2,1326,58.5,77,0
L,301.0,312.2,1443,45.6,106,0
L,300.5,311.5,1437,43.5,118,0
L,298.7,309.7,1508,43.5,42,0
M,300.8,311.4,1654,32.6,91,0
L,297.2,308.0,1818,28.5,202,0
H,300.6,309.7,1408,50.1,70,0
L,298.1,307.6,1419,52.8,178,0
M,302.6,310.2,2102,21.1,148,0
H,299.7,309.5,1320,51.9,126,0
M,301.7,310.5,1702,39.0,200,0
L,302.3,311.6,1704,31.1,120,0
L,301.6,310.6,1493,41.0,197,0
L,298.7,308.5,1400,62.7,109,0
L,300.0,310.1,1444,38.4,230,0
M,298.7,309.9,1403,43.1,173,0
M,298.5,309.3,1500,40.2,146,0
M,298.7,309.8,1446,50.8,84,0
M,298.4,310.1,1282,62.5,117,0
M,300.0,311.3,1571,39.3,82,0
L,298.4,309.7,1458,41.6,207,0
H,302.9,312.3,1358,54.7,72,0
M,297.4,309.3,1588,39.1,166,0
L,298.7,309.9,1301,58.9,233,4
L,304.2,313.6,1336,54.0,189,0
H,299.6,310.1,1434,40.7,102,0
M,302.2,311.7,1433,53.2,97,0
L,297.3,307.9,1574,36.5,132,0
L,304.3,313.5,1783,29.8,217,0
L,302.6,312.3,1589,36.7,90,0
H,297.8,307.8,1620,35.7,88,0
L,300.6,309.4,2417,15.6,153,0
L,301.6,309.9,1359,48.7,126,0
L,299.3,309.0,1424,50.5,159,0
L,303.4,311.5,1836,25.6,113,0
L,301.5,310.5,1446,55.3,221,4
M,300.5,309.4,2118,19.4,97,0
L,297.3,308.3,1452,44.4,91,0
L,297.7,309.2,1341,49.1,204,0
L,301.9,309.6,1427,47.8,250,0
L,302.8,312.6,1417,45.6,67,0
L,302.2,311.4,1355,48.6,80,0
L,300.0,311.5,1536,37.9,126,0
L,302.0,309.7,1377,42.8,249,0
H,297.4,308.3,1452,48.1,204,0
L,301.2,310.7,1594,35.7,212,0
L,299.1,308.8,1272,57.0,250,4
M,300.7,309.5,1441,52.5,68,0
M,301.6,310.7,1362,53.8,139,0
M,301.8,310.8,1609,44.7,107,0
M,302.3,311.7,1401,44.7,163,0
L,299.4,309.2,1390,45.1,73,0
L,300.0,310.1,1406,46.6,102,0
L,301.4,310.8,1493,42.7,154,0
L,300.9,310.7,1448,49.0,177,0
M,297.5,308.7,1317,57.6,225,4
M,300.2,309.6,1438,46.6,83,0
L,300.7,309.9,1766,32.5,225,0
L,300.9,311.2,1312,65.5,175,0
L,302.0,310.8,1572,30.7,250,1
L,303.9,313.0,1420,44.6,219,0
L,300.2,309.5,1301,53.9,142,0
L,302.6,312.4,1337,51.1,73,0
L,297.1,308.1,1671,39.8,246,0
L,303.3,311.3,1380,57.4,73,0
L,300.7,310.8,1903,26.5,128,0
H,298.4,309.3,1632,37.3,154,0
L,298.8,308.9,1812,30.7,97,0
L,297.6,308.3,1613,39.9,100,0
L,298.2,309.0,1742,35.2,136,0
M,299.6,309.2,1605,38.9,124,0
L,299.1,308.4,1469,41.2,168,0
M,303.6,312.0,1583,41.4,108,0
L,298.9,310.3,1433,39.9,204,0
L,299.9,310.4,1299,55.7,250,4
L,301.9,310.4,1851,27.0,199,0
M,298.0,308.7,1429,52.6,250,0
M,301.1,311.1,1554,40.3,204,0
M,300.6,309.8,1630,37.6,215,0
L,300.6,310.4,1388,56.1,197,0
L,298.2,309.1,1522,38.3,247,0
L,298.0,308.4,1861,27.1,66,0
L,304.0,313.0,1357,46.3,149,0
L,297.2,308.5,1460,46.0,250,0
M,299.2,308.9,1386,44.3,62,0
H,302.0,309.9,1421,47.3,224,0
L,300.1,309.7,1387,48.7,93,0
L,301.0,311.0,1517,42.6,172,0
H,298.2,309.0,1327,58.6,50,0
L,303.7,312.4,1452,44.3,187,0
L,300.9,310.3,1354,51.0,186,0
M,301.4,310.7,1591,37.9,162,0
M,302.3,310.9,1467,45.8,250,0
H,298.4,307.9,1909,23.6,180,0
L,299.9,309.6,1227,67.1,205,4
M,296.7,307.5,1458,47.7,91,0
M,297.0,307.8,1526,37.8,129,0
H,298.8,308.9,1431,49.9,224,0
M,295.7,306.3,1294,51.4,95,0
M,297.4,308.4,1406,51.2,139,0
L,298.2,308.4,1421,48.4,220,0
L,298.7,308.5,1403,47.1,152,0
L,299.0,310.4,1667,31.5,133,0
M,297.8,307.8,1482,48.8,57,0
L,296.9,308.1,1687,32.4,86,0
L,301.5,310.5,1891,27.8,186,0
L,297.4,308.3,1417,49.2,33,0
L,297.5,308.5,1677,31.2,166,0
H,300.5,309.8,1283,76.3,208,3
M,302.3,311.7,1433,45.6,183,0
L,302.3,311.3,1598,39.1,151,0
L,298.0,308.5,1372,51.2,241,0
L,301.5,311.2,1634,33.9,83,0
L,297.6,308.0,1199,60.2,180,0
M,301.5,310.7,1832,25.9,182,0
L,301.4,310.8,1653,36.3,233,0
H,297.9,307.3,1615,37.6,43,0
M,301.4,310.6,1812,28.6,206,0
L,300.1,311.5,1607,38.3,240,0
L,296.9,307.6,1469,42.2,152,0
L,300.3,311.6,1540,43.1,154,0
M,300.0,309.6,1529,47.3,199,0
L,301.1,310.1,1519,42.4,44,0
M,300.7,309.5,1778,30.5,103,0
L,298.5,308.8,1265,63.6,83,0
L,300.0,310.5,1442,49.0,229,0
H,297.7,308.2,1468,49.6,194,0
L,300.9,312.0,1430,48.3,236,0
L,301.0,311.6,1393,46.3,173,0
M,302.6,310.2,1500,43.7,135,0
M,303.0,311.2,1336,45.2,138,0
L,299.0,308.6,1362,42.6,165,0
M,297.6,309.3,1485,48.8,43,0
L,300.3,311.6,1340,51.7,243,0
M,298.7,309.6,1729,29.7,118,0
L,297.0,308.1,1489,44.1,149,0
L,298.7,310.1,1567,41.1,151,0
L,299.4,309.3,1332,60.6,79,0
M,297.1,307.8,1408,48.0,161,0
H,303.3,311.8,1747,33.0,91,0
L,297.3,308.6,1470,42.5,163,0
M,300.8,311.9,1308,48.6,250,0
L,300.2,311.5,1449,43.0,34,0
L,297.7,308.4,1460,47.3,141,0
L,298.2,308.7,1370,44.0,48,0
M,298.0,308.5,1612,36.2,107,0
L,300.5,310.8,1382,50.7,187,0
L,300.6,310.2,1398,50.6,62,0
L,298.9,310.1,1548,42.3,90,0
M,300.8,312.0,1228,69.0,194,0
L,299.9,309.2,1490,45.2,235,0
L,298.7,308.5,1306,53.9,228,0
L,300.7,310.1,1298,52.9,207,0
M,298.8,309.9,1264,64.9,93,0
L,297.4,308.5,1463,49.6,64,0
L,298.2,308.8,1272,49.3,78,0
L,300.6,309.5,1489,44.9,185,0
M,302.5,310.4,1435,43.6,104,0
M,303.5,313.0,1359,55.8,117,0
L,303.2,311.4,1305,58.9,50,2
M,300.8,311.4,1499,45.6,63,0
M,303.9,313.1,1430,50.0,146,0
L,301.3,310.3,1279,61.7,176,0
L,303.7,311.9,1520,39.5,198,0
H,298.9,309.2,1331,55.8,137,0
L,301.8,311.2,1270,59.4,121,0
L,300.4,311.1,1536,41.1,222,0
L,300.3,309.6,1538,41.8,182,0
H,301.4,310.5,1502,47.0,235,0
L,301.4,310.9,1377,44.8,201,0
L,300.6,311.9,1395,48.5,169,0
H,302.3,311.6,1402,58.2,117,0
L,304.0,313.0,1466,51.3,107,0
M,298.2,307.8,1532,40.2,180,0
H,301.0,310.9,1445,42.6,65,0
L,298.2,309.0,1287,63.3,127,0
L,297.5,308.9,1627,38.4,181,0
H,300.0,309.5,1733,31.5,120,0
M,301.9,311.4,1421,45.2,183,0
L,297.9,307.6,1638,35.5,221,0
H,297.3,308.3,1406,45.0,154,0
L,298.9,308.7,1370,50.3,146,0
H,297.4,308.9,1595,38.5,247,0
M,303.5,312.7,2057,21.4,84,0
M,297.4,308.2,1349,57.6,161,0
L,300.8,310.9,1255,59.8,157,0
L,300.1,309.6,1491,40.1,117,0
L,303.3,311.4,1484,47.2,96,0
L,299.1,310.6,1910,28.3,186,0
L,302.0,310.8,1327,53.2,250,4
L,304.1,313.1,1278,59.1,90,0
L,303.6,311.7,1504,44.9,96,0
L,300.5,310.0,1397,52.2,231,0
L,303.3,311.8,1793,31.8,102,0
L,299.6,310.9,1649,34.3,146,0
M,300.2,309.6,1477,41.6,97,0
L,298.4,308.0,1501,41.8,55,0
H,299.1,310.6,1726,34.3,202,0
M,302.0,310.7,2110,21.2,75,0
H,298.6,308.4,1349,56.8,212,4
M,298.1,307.9,1334,60.4,79,0
L,303.1,311.3,1617,37.6,237,0
L,297.9,309.4,1507,38.9,97,0
M,299.1,310.4,1372,53.0,98,0
L,303.8,312.6,1520,47.2,161,0
H,298.7,310.1,1389,49.2,85,0
M,300.3,309.6,1502,44.1,114,0
M,297.4,308.6,1613,36.0,207,0
M,299.3,308.4,1480,43.8,248,1
L,299.7,310.9,1445,43.3,240,0
L,299.6,310.2,1335,66.3,60,0
L,301.3,310.7,1543,37.3,132,0
M,301.0,310.7,1454,52.1,187,0
L,298.0,307.7,1452,48.4,88,0
M,297.1,307.9,1561,44.3,205,0
L,298.8,310.5,1341,57.0,234,4
L,297.3,308.7,1316,57.3,129,0
M,301.7,309.9,1405,43.6,112,0
L,299.1,309.8,1341,60.9,250,4
L,301.1,311.2,1514,39.7,197,0
L,297.4,308.5,1706,32.3,107,0
M,296.9,308.1,1406,48.9,250,0
L,297.3,308.4,1468,46.5,76,0
L,300.6,311.9,1371,49.4,250,0
L,299.2,310.3,1465,45.8,185,0
L,301.7,310.7,1495,45.9,124,0
M,298.6,309.4,1423,42.4,227,0
L,297.5,308.4,1397,41.4,45,0
M,300.7,309.6,1333,56.8,198,0
M,302.1,311.5,1256,53.5,143,0
L,302.9,312.5,1590,36.5,106,0
L,300.8,312.4,1421,65.0,132,3
M,304.2,313.7,2064,21.9,168,0
M,297.3,308.5,1608,33.5,209,0
M,301.2,310.8,1342,52.3,48,0
L,302.2,311.5,1498,37.9,195,0
M,299.0,310.3,1643,36.5,114,0
M,302.0,311.0,1966,28.6,60,0
H,302.4,311.5,1497,50.3,125,0
L,302.0,310.8,1388,39.6,42,0
M,300.8,310.4,1261,69.9,54,0
M,300.9,312.1,1292,55.6,117,0
L,301.6,310.9,1647,35.1,230,0
L,298.1,307.8,1470,47.4,112,0
M,302.1,310.7,1330,55.8,250,2
H,300.7,312.2,1300,55.5,102,0
L,302.3,311.0,1377,52.4,204,0
L,299.6,310.8,1446,53.5,150,0
L,300.3,310.3,2117,22.0,67,0
L,300.4,310.6,1327,53.7,53,0
L,295.9,306.6,1672,34.9,171,0
L,300.8,310.8,1423,61.1,71,0
M,295.8,306.5,1608,36.0,135,0
L,297.1,307.8,1382,51.0,213,0
L,299.7,309.0,1370,54.9,132,0
L,296.6,307.3,1412,42.9,196,0
L,297.4,308.7,1407,63.0,146,0
L,301.3,311.0,1525,32.2,186,0
L,297.8,308.9,1813,31.5,242,1
L,298.9,310.1,2031,24.3,94,0
L,302.3,310.1,1278,56.8,191,2
L,299.0,310.0,1305,53.3,67,0
L,301.4,310.6,1527,44.7,201,0
L,299.8,310.4,1684,32.5,148,0
L,300.4,311.6,1269,58.0,154,0
M,302.7,310.5,1348,54.5,109,0
L,302.4,311.0,1407,55.8,118,0
L,300.7,312.0,1372,56.1,90,0
L,300.2,309.8,1448,48.3,200,0
L,298.9,308.9,1372,54.5,57,0
L,300.4,311.7,1459,51.3,228,0
M,303.8,313.1,2063,22.9,58,0
L,300.5,311.7,1761,33.6,76,0
M,302.5,310.4,1403,50.7,230,0
L,297.9,309.1,1434,48.8,65,0
H,300.5,310.6,1370,50.9,235,0
H,300.4,311.3,1968,28.3,79,0
M,298.7,309.6,1425,46.9,233,0
L,300.3,310.4,1710,30.4,43,0
L,298.3,308.1,1433,51.6,125,0
L,301.8,310.9,1476,46.6,250,0
H,300.2,309.3,1270,55.0,105,0
L,301.8,310.3,1639,34.4,69,0
L,299.7,311.1,1628,38.1,95,0
H,298.3,309.5,1364,59.4,121,0
L,297.0,307.7,1826,28.6,153,0
M,298.8,309.8,1430,39.8,157,0
M,297.4,308.0,1390,47.0,230,0
M,298.6,309.7,1253,69.5,105,0
M,301.5,311.1,1608,37.1,157,0
L,303.7,312.6,1313,49.7,164,0
L,300.7,310.8,1439,51.1,133,0
L,299.1,310.1,1367,48.8,232,0
L,303.5,312.3,1880,28.5,136,0
H,298.6,309.7,1619,31.8,97,0
H,299.2,310.8,1708,35.2,230,0
H,298.8,310.1,1533,41.7,227,0
L,298.0,307.5,1590,37.1,250,0
L,301.6,310.6,1440,48.7,250,0
M,295.4,305.9,1481,44.5,212,0
L,302.2,311.2,1578,36.5,49,0
L,298.8,308.7,1441,39.5,115,0
M,299.4,309.4,1289,53.4,76,0
L,302.1,310.9,1412,45.2,228,0
L,302.3,310.9,1845,29.0,168,0
L,298.2,308.4,1327,57.9,178,0
H,298.6,309.5,1477,39.6,148,0
L,296.5,307.6,1382,51.4,129,0
M,300.3,311.1,1420,49.1,199,0
H,298.7,309.5,1399,46.1,142,0
H,302.3,311.3,1724,34.5,166,0
L,303.6,312.3,1583,34.0,250,0
H,297.7,307.4,1368,44.9,177,0
M,300.0,309.5,1377,44.7,209,0
L,301.2,310.6,1395,55.9,149,0
L,301.7,310.1,1470,42.3,106,0
M,303.8,313.0,1755,27.8,250,0
M,298.9,310.0,1467,41.2,188,0
M,300.5,309.9,1504,45.9,159,0
M,299.4,309.0,1898,24.4,246,0
L,298.9,308.7,1468,46.7,203,0
L,301.5,310.4,1425,45.6,94,0
L,302.3,310.9,1404,41.3,71,0
M,299.3,309.0,1339,45.6,201,0
L,296.3,307.1,1392,51.8,190,0
M,298.5,309.3,1625,30.1,152,0
L,300.6,311.6,1899,25.7,44,0
M,303.5,312.8,1337,50.2,114,0
M,297.4,308.3,1352,55.5,152,0
L,300.6,309.4,1399,46.3,127,0
L,297.8,307.8,1343,46.8,46,0
L,297.9,308.8,1540,36.7,100,0
M,299.3,309.1,1390,53.8,191,0
L,301.8,310.6,1337,54.7,171,0
L,302.5,310.8,1533,41.3,205,0
L,297.2,308.6,1338,54.0,115,0
M,302.1,310.1,1332,53.2,205,2
L,301.5,310.1,1362,50.2,82,0
L,301.6,310.1,1660,32.5,54,0
M,303.9,313.0,1586,38.9,122,0
L,300.8,312.0,1444,44.5,218,0
L,300.8,312.3,1823,31.8,179,0
H,298.1,308.0,1532,40.6,207,0
H,302.5,311.5,1452,52.8,250,0
L,299.3,309.2,2250,20.9,241,0
M,301.8,310.2,1574,37.7,250,0
H,301.6,310.8,1374,52.1,185,0
H,302.9,311.2,2072,20.1,131,0
L,301.4,310.5,1450,44.1,246,0
H,299.1,310.4,1364,57.4,135,0
L,297.0,308.3,1431,54.5,181,0
L,297.3,308.2,1554,39.9,49,0
H,303.6,312.4,1437,55.5,49,0
M,299.3,309.3,1420,50.0,93,0
L,302.6,311.5,1575,44.6,250,0
L,300.4,311.3,1438,55.7,215,4
L,303.7,312.2,1431,41.7,124,0
M,301.7,310.5,1581,42.1,152,0
L,302.4,312.0,1240,54.8,54,0
L,301.1,310.9,1249,73.5,45,3
L,299.5,309.3,1266,59.7,186,0
H,297.4,308.6,1409,42.2,166,0
L,299.5,309.3,1478,46.1,225,0
H,298.5,309.0,1481,37.1,250,0
L,302.4,311.4,1402,49.0,100,0
M,301.3,310.0,1628,35.3,243,0
L,298.6,309.4,1633,40.5,209,0
M,298.4,307.8,1578,39.2,205,0
L,299.2,308.4,1327,55.3,74,0
L,299.7,309.6,1512,41.7,204,0
L,302.3,311.4,1440,45.1,110,0
L,301.9,310.5,1350,55.6,225,4
L,301.0,311.4,1529,40.0,153,0
H,301.0,310.1,1394,47.7,250,0
L,304.0,313.3,1486,44.0,169,0
L,300.5,309.3,1356,56.1,250,4
M,300.7,312.4,1318,66.3,139,0
L,300.8,311.4,1435,45.2,55,0
L,300.3,309.3,1438,47.4,218,0
L,297.6,308.7,1451,46.4,81,0
L,299.4,309.2,1549,40.0,186,0
L,298.1,308.7,1537,36.4,186,0
L,301.1,310.4,1829,30.2,87,0
L,296.5,307.5,1379,44.5,130,0
L,298.5,309.4,1464,47.4,95,0
H,300.7,309.6,1846,23.7,57,0
L,302.0,310.4,1399,52.5,187,0
H,296.9,307.9,1507,36.0,99,0
M,301.9,310.9,1519,36.6,235,0
M,298.8,309.7,1404,51.4,130,0
L,299.1,308.6,1529,40.7,142,0
L,299.3,309.0,1383,50.8,189,0
M,302.3,311.8,1433,52.2,206,0
H,303.3,311.4,1632,36.9,94,0
L,301.1,312.3,1536,37.8,161,0
M,297.5,308.1,1434,47.7,147,0
L,300.8,311.8,1392,50.2,242,0
L,301.7,309.9,1468,50.8,140,0
L,299.0,308.7,1522,36.4,68,0
M,303.4,312.9,1369,44.6,91,0
L,301.5,310.5,2244,23.2,153,0
M,300.4,311.4,1293,62.6,156,0
L,302.1,311.4,1489,48.8,76,0
H,296.4,307.5,1541,40.8,116,0
L,298.3,309.1,1866,23.6,172,0
L,299.5,309.2,1762,29.0,65,0
H,298.8,310.0,1462,43.9,92,0
L,298.5,308.2,1554,36.8,86,0
L,298.0,307.7,1361,47.3,181,0
H,300.5,310.0,1316,64.1,138,0
L,300.8,312.5,1373,53.1,156,0
L,299.6,311.0,1512,40.0,178,0
M,298.1,309.1,1395,56.5,204,4
L,298.8,309.8,1469,44.2,161,0
M,300.1,309.4,1527,33.5,151,0
M,302.0,311.2,1524,43.2,231,0
L,297.6,308.6,1330,52.1,49,0
L,302.4,310.2,1335,57.3,210,4
M,298.6,309.5,1306,58.6,113,0
L,299.2,310.2,1595,37.2,191,0
L,300.2,309.8,1746,28.4,61,0
M,300.2,309.8,1412,50.4,86,0
L,296.2,306.8,1351,54.9,168,0
H,297.3,308.8,1447,46.0,191,0
H,297.2,308.0,1382,47.1,237,0
L,300.3,311.7,1475,43.2,51,0
H,298.0,309.4,1509,39.0,100,0
L,303.6,312.4,1322,57.4,57,0
L,302.6,311.8,1594,39.3,69,0
M,300.4,310.5,1604,38.5,81,0
L,298.7,309.6,1487,42.9,95,0
L,303.9,312.7,1550,39.5,209,0
L,301.1,311.7,1349,51.5,170,0
M,297.3,308.3,1599,32.9,64,0
M,300.2,309.6,1494,42.0,77,0
L,303.7,312.6,1566,44.1,219,0
L,300.4,311.7,1331,53.0,44,0
L,301.8,310.7,1484,52.6,101,0
L,303.5,312.2,1481,39.0,59,0
L,298.5,310.0,1768,33.7,72,0
M,298.3,308.4,1450,48.8,231,0
M,302.3,310.9,1515,41.5,141,0
L,301.1,309.8,1455,44.5,211,0
L,302.5,310.5,1379,40.9,92,0
L,303.6,311.8,1629,34.8,136,0
L,298.2,307.5,1433,56.8,228,4
L,300.4,309.8,1259,65.8,180,0
L,302.3,310.8,1463,54.2,53,0
M,298.3,307.8,1394,56.9,150,0
L,301.9,310.9,1751,27.5,91,0
H,298.9,310.2,1727,31.1,250,0
L,297.9,308.6,1699,34.4,169,0
M,296.4,307.5,1621,35.6,116,0
H,300.5,309.4,1462,39.8,84,0
H,299.4,309.0,1558,37.6,187,0
L,298.2,307.8,1496,42.0,103,0
H,298.8,309.8,1477,41.9,218,0
L,298.4,308.0,1455,55.7,65,0
L,300.4,310.1,1444,46.9,238,0
M,298.1,308.6,1371,47.9,63,0
L,298.3,309.4,1525,41.2,138,0
L,302.2,311.1,1306,55.5,154,0
M,301.1,310.9,1535,41.8,175,0
L,298.5,308.2,1583,33.2,50,0
L,298.1,307.6,1320,48.0,188,0
M,299.0,310.0,1419,51.2,230,0
M,302.9,312.5,1615,36.0,103,0
L,295.9,306.4,1856,27.1,128,0
M,301.1,310.7,1588,35.8,139,0
L,300.8,310.6,1608,35.9,177,0
L,302.6,312.1,1383,59.0,220,4
M,302.3,311.0,1332,56.2,234,4
M,299.8,309.1,1225,64.3,137,0
L,300.4,309.3,1743,32.5,250,0
L,298.6,309.7,1412,49.5,148,0
L,302.5,312.1,1481,45.0,42,0
M,300.8,311.2,1392,45.4,124,0
L,300.0,309.7,1512,39.2,155,0
L,301.8,310.8,1486,47.5,82,0
L,303.7,313.1,1355,45.9,168,0
L,298.1,308.9,2090,18.4,124,0
H,296.1,306.9,1496,37.0,78,0
M,302.5,312.0,1387,61.3,49,0
M,300.5,311.7,1239,68.3,128,0
L,302.3,310.2,1341,61.4,87,0
M,303.5,312.9,1472,39.2,153,0
M,297.1,307.9,1920,25.8,194,0
M,302.2,310.8,1335,51.6,72,0
L,300.3,311.7,1532,36.3,168,0
L,301.5,310.9,1432,45.2,214,0
M,300.2,311.4,1376,44.4,236,0
L,297.1,308.2,1294,59.2,168,0
H,300.8,312.1,1455,41.9,218,0
M,302.0,311.4,1544,42.1,72,0
M,303.4,312.1,1456,45.1,250,0
L,300.0,309.3,1820,29.9,165,0
L,299.7,310.3,1441,46.7,127,0
M,299.1,308.4,1261,61.2,108,0
L,304.1,313.1,1612,41.0,76,0
L,302.9,311.0,1787,29.2,178,0
L,300.8,309.7,1489,42.5,59,0
L,300.6,310.6,1481,38.1,101,0
L,298.6,309.8,1310,59.8,30,0
M,297.2,308.2,1610,32.2,171,0
L,298.7,308.4,1672,30.0,105,0
L,300.8,310.7,1570,31.2,35,0
M,300.0,310.1,1247,60.3,244,4
L,301.5,310.7,1367,51.9,132,0
L,301.1,312.3,1562,37.4,177,0
L,297.3,308.1,1552,39.5,247,1
L,297.4,308.8,1584,36.5,186,0
L,301.4,311.1,1748,31.4,185,0
H,302.0,310.9,1623,31.1,250,0
H,298.7,308.5,1365,50.6,182,0
L,302.2,310.7,1498,39.3,140,0
L,297.4,308.6,1419,44.4,105,0
H,300.6,312.1,1296,53.3,183,0
L,297.8,309.7,1872,27.3,210,0
L,296.3,307.3,1340,59.6,74,0
L,297.4,308.3,1293,57.4,94,0
L,304.4,313.6,1508,44.2,48,0
L,301.6,310.6,1592,39.0,183,0
L,298.7,310.1,1367,60.0,103,0
L,302.7,312.2,1579,41.0,240,0
H,300.1,311.4,1464,53.0,124,0
L,301.4,311.3,2286,21.3,92,0
L,300.7,309.8,1538,34.0,170,0
M,300.6,309.6,1539,40.6,79,0
H,304.1,313.3,1663,37.3,160,0
L,298.8,308.2,1387,58.5,49,0
M,299.5,310.8,1713,34.6,164,0
H,297.9,307.8,1572,42.6,178,0
H,297.7,307.2,1379,51.4,86,0
L,299.3,310.5,1225,65.7,50,0
M,301.5,311.1,1471,43.7,190,0
L,302.2,311.5,1440,45.1,145,0
M,295.6,306.1,1608,31.7,166,0
L,303.3,312.5,1905,25.7,186,0
L,298.8,310.1,1499,41.6,231,0
M,300.8,311.2,1554,36.0,130,0
